Asset_Number,Asset_Description,Grid_202,Grid_203,Grid_204
1,US Equities - US Stock Market,43.75,42.00000000000001,40.25
2,Foreign Developed Equities - Intl Developed ex-US Market,12.5,12.000000000000002,11.500000000000002
3,Emerging Market Equities - Emerging Markets,6.250000000000003,6.000000000000003,5.750000000000003
4,US Treasuries - Intermediate Term Treasury,12.999999999999998,12.999999999999998,12.999999999999998
5,TIPS - Inflation-Protected Bonds,14.95,14.95,14.95
6,Corporate Bonds - Investment Grade Corporate Bonds,4.549999999999998,4.549999999999998,4.549999999999998
7,Real Estate/REITs - US REIT,5.0,7.5,10.0
