Asset_Number,Asset_Description,Grid_520,Grid_521,Grid_522
1,US Equities - US Stock Market,32.49999999999999,31.25,30.0
2,Foreign Developed Equities - Intl Developed ex-US Market,12.999999999999998,12.5,12.0
3,Emerging Market Equities - Emerging Markets,19.499999999999996,18.75,18.0
4,US Treasuries - Intermediate Term Treasury,12.000000000000002,12.000000000000002,12.000000000000002
5,TIPS - Inflation-Protected Bonds,9.000000000000002,9.000000000000002,9.000000000000002
6,Corporate Bonds - Investment Grade Corporate Bonds,9.000000000000002,9.000000000000002,9.000000000000002
7,Real Estate/REITs - US REIT,5.0,7.5,10.0
